<?xml version="1.0" encoding="UTF-8"?>
<project-private xmlns="http://www.netbeans.org/ns/project-private/1">
    <editor-bookmarks xmlns="http://www.netbeans.org/ns/editor-bookmarks/2" lastBookmarkId="0"/>
    <open-files xmlns="http://www.netbeans.org/ns/projectui-open-files/2">
        <group>
            <file>file:/C:/Users/Keen/Desktop/CS133/Creating%20Object%20and%20Inhiretance/src/mySource/Person.java</file>
            <file>file:/C:/Users/Keen/Desktop/CS133/Creating%20Object%20and%20Inhiretance/src/mySource/Sibling.java</file>
            <file>file:/C:/Users/Keen/Desktop/CS133/Creating%20Object%20and%20Inhiretance/src/mySource/Parent.java</file>
            <file>file:/C:/Users/Keen/Desktop/CS133/Creating%20Object%20and%20Inhiretance/src/mySource/Exer1.java</file>
        </group>
    </open-files>
</project-private>
